Workbook

Sheet Tareas
A1: Área | B1: Tarea | C1: Quién la hace | D1: Frecuencia | E1: Veces por semana | F1: Minutos cada vez | G1: Tipo (A/B) | H1: Sueldo mensual bruto | I1: Horas al año | J1: Costo al año | K1: Candidata a IA | L1: Primer paso | M1: Quién revisa
A2: Finanzas | B2: Conciliar el banco | C2: Laura | D2: semanal | E2: =IF(D2="diaria",5,IF(D2="semanal",1,IF(D2="quincenal",0.5,IF(D2="mensual",0.25,"")))) | F2: 180 | G2: A | H2: 18000 | I2: =IF(OR(E2="",F2=""),"",E2*F2/60*Supuestos!$B$4) | J2: =IF(OR(I2="",H2=""),"",I2*(H2*Supuestos!$B$3/(Supuestos!$B$2*4.33))) | K2: =IF(I2="","",IF(AND(G2="A",I2>=Supuestos!$B$8),"SÍ","no")) | L2: habilidad | M2: Contralor
E3: =IF(D3="diaria",5,IF(D3="semanal",1,IF(D3="quincenal",0.5,IF(D3="mensual",0.25,"")))) | I3: =IF(OR(E3="",F3=""),"",E3*F3/60*Supuestos!$B$4) | J3: =IF(OR(I3="",H3=""),"",I3*(H3*Supuestos!$B$3/(Supuestos!$B$2*4.33))) | K3: =IF(I3="","",IF(AND(G3="A",I3>=Supuestos!$B$8),"SÍ","no"))
E4: =IF(D4="diaria",5,IF(D4="semanal",1,IF(D4="quincenal",0.5,IF(D4="mensual",0.25,"")))) | I4: =IF(OR(E4="",F4=""),"",E4*F4/60*Supuestos!$B$4) | J4: =IF(OR(I4="",H4=""),"",I4*(H4*Supuestos!$B$3/(Supuestos!$B$2*4.33))) | K4: =IF(I4="","",IF(AND(G4="A",I4>=Supuestos!$B$8),"SÍ","no"))
E5: =IF(D5="diaria",5,IF(D5="semanal",1,IF(D5="quincenal",0.5,IF(D5="mensual",0.25,"")))) | I5: =IF(OR(E5="",F5=""),"",E5*F5/60*Supuestos!$B$4) | J5: =IF(OR(I5="",H5=""),"",I5*(H5*Supuestos!$B$3/(Supuestos!$B$2*4.33))) | K5: =IF(I5="","",IF(AND(G5="A",I5>=Supuestos!$B$8),"SÍ","no"))
E6: =IF(D6="diaria",5,IF(D6="semanal",1,IF(D6="quincenal",0.5,IF(D6="mensual",0.25,"")))) | I6: =IF(OR(E6="",F6=""),"",E6*F6/60*Supuestos!$B$4) | J6: =IF(OR(I6="",H6=""),"",I6*(H6*Supuestos!$B$3/(Supuestos!$B$2*4.33))) | K6: =IF(I6="","",IF(AND(G6="A",I6>=Supuestos!$B$8),"SÍ","no"))
E7: =IF(D7="diaria",5,IF(D7="semanal",1,IF(D7="quincenal",0.5,IF(D7="mensual",0.25,"")))) | I7: =IF(OR(E7="",F7=""),"",E7*F7/60*Supuestos!$B$4) | J7: =IF(OR(I7="",H7=""),"",I7*(H7*Supuestos!$B$3/(Supuestos!$B$2*4.33))) | K7: =IF(I7="","",IF(AND(G7="A",I7>=Supuestos!$B$8),"SÍ","no"))
E8: =IF(D8="diaria",5,IF(D8="semanal",1,IF(D8="quincenal",0.5,IF(D8="mensual",0.25,"")))) | I8: =IF(OR(E8="",F8=""),"",E8*F8/60*Supuestos!$B$4) | J8: =IF(OR(I8="",H8=""),"",I8*(H8*Supuestos!$B$3/(Supuestos!$B$2*4.33))) | K8: =IF(I8="","",IF(AND(G8="A",I8>=Supuestos!$B$8),"SÍ","no"))
E9: =IF(D9="diaria",5,IF(D9="semanal",1,IF(D9="quincenal",0.5,IF(D9="mensual",0.25,"")))) | I9: =IF(OR(E9="",F9=""),"",E9*F9/60*Supuestos!$B$4) | J9: =IF(OR(I9="",H9=""),"",I9*(H9*Supuestos!$B$3/(Supuestos!$B$2*4.33))) | K9: =IF(I9="","",IF(AND(G9="A",I9>=Supuestos!$B$8),"SÍ","no"))
E10: =IF(D10="diaria",5,IF(D10="semanal",1,IF(D10="quincenal",0.5,IF(D10="mensual",0.25,"")))) | I10: =IF(OR(E10="",F10=""),"",E10*F10/60*Supuestos!$B$4) | J10: =IF(OR(I10="",H10=""),"",I10*(H10*Supuestos!$B$3/(Supuestos!$B$2*4.33))) | K10: =IF(I10="","",IF(AND(G10="A",I10>=Supuestos!$B$8),"SÍ","no"))
E11: =IF(D11="diaria",5,IF(D11="semanal",1,IF(D11="quincenal",0.5,IF(D11="mensual",0.25,"")))) | I11: =IF(OR(E11="",F11=""),"",E11*F11/60*Supuestos!$B$4) | J11: =IF(OR(I11="",H11=""),"",I11*(H11*Supuestos!$B$3/(Supuestos!$B$2*4.33))) | K11: =IF(I11="","",IF(AND(G11="A",I11>=Supuestos!$B$8),"SÍ","no"))
E12: =IF(D12="diaria",5,IF(D12="semanal",1,IF(D12="quincenal",0.5,IF(D12="mensual",0.25,"")))) | I12: =IF(OR(E12="",F12=""),"",E12*F12/60*Supuestos!$B$4) | J12: =IF(OR(I12="",H12=""),"",I12*(H12*Supuestos!$B$3/(Supuestos!$B$2*4.33))) | K12: =IF(I12="","",IF(AND(G12="A",I12>=Supuestos!$B$8),"SÍ","no"))
E13: =IF(D13="diaria",5,IF(D13="semanal",1,IF(D13="quincenal",0.5,IF(D13="mensual",0.25,"")))) | I13: =IF(OR(E13="",F13=""),"",E13*F13/60*Supuestos!$B$4) | J13: =IF(OR(I13="",H13=""),"",I13*(H13*Supuestos!$B$3/(Supuestos!$B$2*4.33))) | K13: =IF(I13="","",IF(AND(G13="A",I13>=Supuestos!$B$8),"SÍ","no"))
E14: =IF(D14="diaria",5,IF(D14="semanal",1,IF(D14="quincenal",0.5,IF(D14="mensual",0.25,"")))) | I14: =IF(OR(E14="",F14=""),"",E14*F14/60*Supuestos!$B$4) | J14: =IF(OR(I14="",H14=""),"",I14*(H14*Supuestos!$B$3/(Supuestos!$B$2*4.33))) | K14: =IF(I14="","",IF(AND(G14="A",I14>=Supuestos!$B$8),"SÍ","no"))
... E201: =IF(D201="diaria",5,IF(D201="semanal",1,IF(D201="quincenal",0.5,IF(D201="mensual",0.25,"")))) | I201: =IF(OR(E201="",F201=""),"",E201*F201/60*Supuestos!$B$4) | J201: =IF(OR(I201="",H201=""),"",I201*(H201*Supuestos!$B$3/(Supuestos!$B$2*4.33))) | K201: =IF(I201="","",IF(AND(G201="A",I201>=Supuestos!$B$8),"SÍ","no"))

Sheet Supuestos
A1: Supuesto | B1: Valor | C1: Origen
A2: Horas por semana | B2: 42.5 | C2: landing, data.js
A3: Factor de carga social | B3: 1.35 | C3: landing
A4: Semanas al año | B4: 46 | C4: landing
A5: Factor de realización | B5: 0.6 | C5: landing
A6: Jornada 2027 (h/semana) | B6: 46 | C6: jornada-40
A7: Jornada 2030 (h/semana) | B7: 40 | C7: jornada-40
A8: Umbral horas/año para candidata | B8: 20 | C8: criterio del curso

Sheet Resumen por área
A1: Área | B1: Tareas | C1: Horas al año tipo A | D1: Costo al año tipo A | E1: Candidatas | F1: Horas recuperables (×realización)
A2: Dirección | B2: =COUNTIF(Tareas!$A$2:$A$201,A2) | C2: =SUMIFS(Tareas!$I$2:$I$201,Tareas!$A$2:$A$201,A2,Tareas!$G$2:$G$201,"A") | D2: =SUMIFS(Tareas!$J$2:$J$201,Tareas!$A$2:$A$201,A2,Tareas!$G$2:$G$201,"A") | E2: =COUNTIFS(Tareas!$A$2:$A$201,A2,Tareas!$K$2:$K$201,"SÍ") | F2: =C2*Supuestos!$B$5
A3: Operaciones | B3: =COUNTIF(Tareas!$A$2:$A$201,A3) | C3: =SUMIFS(Tareas!$I$2:$I$201,Tareas!$A$2:$A$201,A3,Tareas!$G$2:$G$201,"A") | D3: =SUMIFS(Tareas!$J$2:$J$201,Tareas!$A$2:$A$201,A3,Tareas!$G$2:$G$201,"A") | E3: =COUNTIFS(Tareas!$A$2:$A$201,A3,Tareas!$K$2:$K$201,"SÍ") | F3: =C3*Supuestos!$B$5
A4: Finanzas | B4: =COUNTIF(Tareas!$A$2:$A$201,A4) | C4: =SUMIFS(Tareas!$I$2:$I$201,Tareas!$A$2:$A$201,A4,Tareas!$G$2:$G$201,"A") | D4: =SUMIFS(Tareas!$J$2:$J$201,Tareas!$A$2:$A$201,A4,Tareas!$G$2:$G$201,"A") | E4: =COUNTIFS(Tareas!$A$2:$A$201,A4,Tareas!$K$2:$K$201,"SÍ") | F4: =C4*Supuestos!$B$5
A5: RH | B5: =COUNTIF(Tareas!$A$2:$A$201,A5) | C5: =SUMIFS(Tareas!$I$2:$I$201,Tareas!$A$2:$A$201,A5,Tareas!$G$2:$G$201,"A") | D5: =SUMIFS(Tareas!$J$2:$J$201,Tareas!$A$2:$A$201,A5,Tareas!$G$2:$G$201,"A") | E5: =COUNTIFS(Tareas!$A$2:$A$201,A5,Tareas!$K$2:$K$201,"SÍ") | F5: =C5*Supuestos!$B$5
A6: Marketing | B6: =COUNTIF(Tareas!$A$2:$A$201,A6) | C6: =SUMIFS(Tareas!$I$2:$I$201,Tareas!$A$2:$A$201,A6,Tareas!$G$2:$G$201,"A") | D6: =SUMIFS(Tareas!$J$2:$J$201,Tareas!$A$2:$A$201,A6,Tareas!$G$2:$G$201,"A") | E6: =COUNTIFS(Tareas!$A$2:$A$201,A6,Tareas!$K$2:$K$201,"SÍ") | F6: =C6*Supuestos!$B$5
A7: Ventas | B7: =COUNTIF(Tareas!$A$2:$A$201,A7) | C7: =SUMIFS(Tareas!$I$2:$I$201,Tareas!$A$2:$A$201,A7,Tareas!$G$2:$G$201,"A") | D7: =SUMIFS(Tareas!$J$2:$J$201,Tareas!$A$2:$A$201,A7,Tareas!$G$2:$G$201,"A") | E7: =COUNTIFS(Tareas!$A$2:$A$201,A7,Tareas!$K$2:$K$201,"SÍ") | F7: =C7*Supuestos!$B$5
A8: TI | B8: =COUNTIF(Tareas!$A$2:$A$201,A8) | C8: =SUMIFS(Tareas!$I$2:$I$201,Tareas!$A$2:$A$201,A8,Tareas!$G$2:$G$201,"A") | D8: =SUMIFS(Tareas!$J$2:$J$201,Tareas!$A$2:$A$201,A8,Tareas!$G$2:$G$201,"A") | E8: =COUNTIFS(Tareas!$A$2:$A$201,A8,Tareas!$K$2:$K$201,"SÍ") | F8: =C8*Supuestos!$B$5
A9: Administración | B9: =COUNTIF(Tareas!$A$2:$A$201,A9) | C9: =SUMIFS(Tareas!$I$2:$I$201,Tareas!$A$2:$A$201,A9,Tareas!$G$2:$G$201,"A") | D9: =SUMIFS(Tareas!$J$2:$J$201,Tareas!$A$2:$A$201,A9,Tareas!$G$2:$G$201,"A") | E9: =COUNTIFS(Tareas!$A$2:$A$201,A9,Tareas!$K$2:$K$201,"SÍ") | F9: =C9*Supuestos!$B$5
A10: Atención a clientes | B10: =COUNTIF(Tareas!$A$2:$A$201,A10) | C10: =SUMIFS(Tareas!$I$2:$I$201,Tareas!$A$2:$A$201,A10,Tareas!$G$2:$G$201,"A") | D10: =SUMIFS(Tareas!$J$2:$J$201,Tareas!$A$2:$A$201,A10,Tareas!$G$2:$G$201,"A") | E10: =COUNTIFS(Tareas!$A$2:$A$201,A10,Tareas!$K$2:$K$201,"SÍ") | F10: =C10*Supuestos!$B$5
A11: TOTAL | B11: =SUM(B2:B10) | C11: =SUM(C2:C10) | D11: =SUM(D2:D10) | E11: =SUM(E2:E10) | F11: =SUM(F2:F10)
